REVIEW_ID,PRODUCT_ID,CUSTOMER_ID,RATING,REVIEW_TEXT,REVIEW_DATE,PURCHASE_CHANNEL,HELPFUL_VOTES
R001,P026,C0078,4.0,配送が早くて便利です。包装も丁寧で安心できます。,2024-12-12 21:35:41.227,店舗,3
R002,P056,C0010,5.0,配送が早くて便利です。包装も丁寧で安心できます。,2024-12-05 21:35:41.227,店舗,16
R003,P004,C0252,4.0,調理が簡単で、忙しい日の夕食に重宝しています。それでいて味も本格的です。,2024-09-22 21:35:41.227,店舗,15
R004,P089,C0341,5.0,配送から設置まで丁寧に対応していただき、使い心地も最高です。リモコンの操作性も良いです。,2024-09-23 21:35:41.227,店舗,10
R005,P085,C0076,3.0,★★★★★ 最高の買い物でした！このテレビを3ヶ月間使用した詳細レビューを共有します。まず、画質の素晴らしさに驚きました。4K解像度と広色域技術により、映像が驚くほど鮮明で、色の再現性も素晴らしいです。特に自然の風景やスポーツ観戦では、その違いが顕著に感じられます。以前使っていた古いテレビとは比較にならないほど、映像に奥行きと立体感があります。音質も想像以上に良く、薄型テレビながら豊かな低音と明瞭な高音を両立しています。別途サウンドバーを購入する予定でしたが、内蔵スピーカーの性能に満足して購入を見送りました。スマートTV機能も非常に使いやすく、各種ストリーミングサービスへのアクセスがスムーズです。アプリの読み込み速度も速く、操作のレスポンスが良いため、ストレスなく使用できます。設置も簡単で、薄型設計によりリビングの雰囲気を壊すことなく馴染んでいます。壁掛け用のブラケットも標準規格に対応しており、将来的な拡張性も高いと感じました。省エネ性能も優れており、前のモデルより消費電力が20%ほど減少しています。リモコンのボタン配置も直感的で、すぐに使いこなせました。総合的に見て、この価格帯ではベストな選択だったと確信しています。家族全員が大満足の製品です！,2025-02-15 21:35:41.227,店舗,20
R006,P051,C0091,1.0,着心地が悪く、素材も肌に合いません。一日着用していると不快感が増します。,2025-03-06 21:35:41.227,店舗,4
R007,P008,C0353,5.0,品質が良く、とても満足しています。また購入したいと思います。,2025-02-02 21:35:41.227,店舗,18
R008,P054,C0373,5.0,スノーフレッシュの商品は安心して使えます。品質が安定していて信頼できます。,2024-11-27 21:35:41.227,EC,11
R009,P022,C0361,5.0,スマートフォンとの連携機能が便利で、アプリからの操作も簡単です。映像も音も申し分ありません。,2024-12-31 21:35:41.227,店舗,3
R010,P063,C0447,5.0,新鮮で美味しいです。価格も手頃で満足しています。,2024-09-27 21:35:41.227,EC,9
R011,P079,C0451,2.0,消費電力が想像以上に高く、電気代が明らかに上がりました。省エネという謳い文句は誤解を招きます。,2025-02-04 21:35:41.227,EC,20
R012,P072,C0312,3.0,配送が早くて便利です。包装も丁寧で安心できます。,2025-02-13 21:35:41.227,店舗,1
R013,P075,C0188,1.0,1.5点しかつけられないのが残念です。購入から使用までの経験をすべて書きます。最初は期待して購入しましたが、開封してすぐに問題が発生しました。画質が期待よりもかなり悪く、特に暗い場面では細部が完全に失われてしまいます。この価格帯の製品としては明らかに見劣りします。また、操作インターフェースは直感的でなく、基本的な設定変更にも説明書を何度も確認する必要がありました。電源を入れてから実際に使えるようになるまでの起動時間も長すぎます。さらに気になるのは消費電力の高さです。以前使っていた同サイズの製品と比べて明らかに電気代が上がりました。省エネを謳っていますが、実際はその逆です。サポートに問い合わせましたが、「仕様です」の一点張りで具体的な解決策はありませんでした。購入から3ヶ月後には、突然映像が映らなくなる不具合も発生。修理に出しましたが、対応も遅く2週間以上かかりました。音質についても高音がひずみ、映画鑑賞には適していません。唯一良かった点はデザインの洗練さですが、それだけでは総合的な満足は得られません。同価格帯の競合製品を選ぶべきでした。,2025-02-19 21:35:41.227,店舗,1
R014,P079,C0082,4.0,画質が鮮明で、色の再現性も素晴らしいです。リビングの雰囲気が一気に良くなりました。,2024-11-13 21:35:41.227,店舗,12
R015,P049,C0489,5.0,品質が良く、とても満足しています。また購入したいと思います。,2025-01-27 21:35:41.227,EC,15
R016,P090,C0013,3.0,省エネ性能が良く、電気代が前のモデルより節約できている印象です。静音性も向上していると感じます。,2025-01-04 21:35:41.227,EC,20
R017,P086,C0177,1.0,画質が期待よりもかなり悪く、暗い場面では特に見づらいです。この価格帯では不満です。,2024-10-26 21:35:41.227,店舗,6
R018,P037,C0164,1.0,異物が混入していました。衛生管理に問題があると思われます。二度と購入しません。,2024-12-30 21:35:41.227,EC,8
R019,P021,C0132,2.0,画質が期待よりもかなり悪く、暗い場面では特に見づらいです。この価格帯では不満です。,2024-12-27 21:35:41.227,店舗,12
R020,P096,C0381,4.0,配送が早くて便利です。包装も丁寧で安心できます。,2024-10-22 21:35:41.227,EC,17
R021,P001,C0426,3.0,画質が鮮明で、色の再現性も素晴らしいです。リビングの雰囲気が一気に良くなりました。,2024-12-14 21:35:41.227,店舗,0
R022,P004,C0305,2.0,異物が混入していました。衛生管理に問題があると思われます。二度と購入しません。,2025-03-05 21:35:41.227,EC,8
R023,P082,C0420,5.0,大きさがちょうど良く、インテリアとも調和しています。細かい設定も直感的にできて満足しています。,2024-11-27 21:35:41.227,店舗,15
R024,P024,C0009,3.0,配送が早くて便利です。包装も丁寧で安心できます。,2024-10-04 21:35:41.227,EC,13
R025,P033,C0029,1.0,記載されている原材料と実際の味が全く合っていません。誇大広告ではないでしょうか。,2024-09-28 21:35:41.227,EC,3
R026,P032,C0422,4.0,スノーフレッシュの商品は安心して使えます。品質が安定していて信頼できます。,2025-01-23 21:35:41.227,EC,3
R027,P071,C0499,1.0,配送が遅く、カスタマーサポートの対応も悪かったです。二度と利用しません。,2024-10-09 21:35:41.227,店舗,20
R028,P091,C0489,1.0,使いづらい設計で、基本的な機能も満足に果たせません。改良が必要です。,2024-12-03 21:35:41.227,EC,12
R029,P026,C0395,2.0,質が悪く、期待外れでした。このような商品を販売すべきではないと思います。,2024-11-09 21:35:41.227,EC,8
R030,P046,C0359,4.0,配送が早くて便利です。包装も丁寧で安心できます。,2025-03-07 21:35:41.227,EC,2
